<?xml version="1.0" encoding="UTF-8"?>
<export version="E">
  <design>
    <source>C:\Users\Alvaro\Desktop\Irrigation-System-v2\KiCad\SalveNode\SalveNode.kicad_sch</source>
    <date>02/02/2024 14:18:05</date>
    <tool>Eeschema 7.0.7</tool>
    <sheet number="1" name="/" tstamps="/">
      <title_block>
        <title/>
        <company/>
        <rev/>
        <date/>
        <source>SalveNode.kicad_sch</source>
        <comment number="1" value=""/>
        <comment number="2" value=""/>
        <comment number="3" value=""/>
        <comment number="4" value=""/>
        <comment number="5" value=""/>
        <comment number="6" value=""/>
        <comment number="7" value=""/>
        <comment number="8" value=""/>
        <comment number="9" value=""/>
      </title_block>
    </sheet>
  </design>
  <components>
    <comp ref="C1">
      <value>1u</value>
      <footprint>Capacitor_SMD:C_1206_3216Metric</footprint>
      <libsource lib="Device" part="C" description="Unpolarized capacitor"/>
      <property name="Mouser Part Number" value=""/>
      <property name="Sheetname" value=""/>
      <property name="Sheetfile" value="SalveNode.kicad_sch"/>
      <property name="ki_description" value="Unpolarized capacitor"/>
      <property name="ki_keywords" value="cap capacitor"/>
      <sheetpath names="/" tstamps="/"/>
      <tstamps>6061afe5-2fe0-4ca2-a704-a8c2b80d2af3</tstamps>
    </comp>
    <comp ref="C2">
      <value>12p</value>
      <footprint>Capacitor_SMD:C_1206_3216Metric</footprint>
      <fields>
        <field name="Mouser Part Number">C1206C120J5GACAUTO</field>
      </fields>
      <libsource lib="Device" part="C" description="Unpolarized capacitor"/>
      <property name="Mouser Part Number" value="C1206C120J5GACAUTO"/>
      <property name="Sheetname" value=""/>
      <property name="Sheetfile" value="SalveNode.kicad_sch"/>
      <property name="ki_description" value="Unpolarized capacitor"/>
      <property name="ki_keywords" value="cap capacitor"/>
      <sheetpath names="/" tstamps="/"/>
      <tstamps>b423e52e-f0da-4214-9ab5-725018c59659</tstamps>
    </comp>
    <comp ref="C3">
      <value>12p</value>
      <footprint>Capacitor_SMD:C_1206_3216Metric</footprint>
      <fields>
        <field name="Mouser Part Number">C1206C120J5GACAUTO</field>
      </fields>
      <libsource lib="Device" part="C" description="Unpolarized capacitor"/>
      <property name="Mouser Part Number" value="C1206C120J5GACAUTO"/>
      <property name="Sheetname" value=""/>
      <property name="Sheetfile" value="SalveNode.kicad_sch"/>
      <property name="ki_description" value="Unpolarized capacitor"/>
      <property name="ki_keywords" value="cap capacitor"/>
      <sheetpath names="/" tstamps="/"/>
      <tstamps>aaf1c405-eb31-42f0-9bff-22f75270bc5b</tstamps>
    </comp>
    <comp ref="C4">
      <value>100n</value>
      <footprint>Capacitor_SMD:C_1206_3216Metric</footprint>
      <fields>
        <field name="Mouser Part Number">C1206X104J9RAL7210</field>
      </fields>
      <libsource lib="Device" part="C" description="Unpolarized capacitor"/>
      <property name="Mouser Part Number" value="C1206X104J9RAL7210"/>
      <property name="Sheetname" value=""/>
      <property name="Sheetfile" value="SalveNode.kicad_sch"/>
      <property name="ki_description" value="Unpolarized capacitor"/>
      <property name="ki_keywords" value="cap capacitor"/>
      <sheetpath names="/" tstamps="/"/>
      <tstamps>0df7cc33-3fa2-4161-b1b6-2d0b6fbd85f5</tstamps>
    </comp>
    <comp ref="C5">
      <value>100n</value>
      <footprint>Capacitor_SMD:C_1206_3216Metric</footprint>
      <fields>
        <field name="Mouser Part Number">C1206X104J9RAL7210</field>
      </fields>
      <libsource lib="Device" part="C" description="Unpolarized capacitor"/>
      <property name="Mouser Part Number" value="C1206X104J9RAL7210"/>
      <property name="Sheetname" value=""/>
      <property name="Sheetfile" value="SalveNode.kicad_sch"/>
      <property name="ki_description" value="Unpolarized capacitor"/>
      <property name="ki_keywords" value="cap capacitor"/>
      <sheetpath names="/" tstamps="/"/>
      <tstamps>6201b67f-a7c3-4b1c-a8bc-be1d29ee79ea</tstamps>
    </comp>
    <comp ref="C6">
      <value>100n</value>
      <footprint>Capacitor_SMD:C_1206_3216Metric</footprint>
      <fields>
        <field name="Mouser Part Number">C1206X104J9RAL7210</field>
      </fields>
      <libsource lib="Device" part="C" description="Unpolarized capacitor"/>
      <property name="Mouser Part Number" value="C1206X104J9RAL7210"/>
      <property name="Sheetname" value=""/>
      <property name="Sheetfile" value="SalveNode.kicad_sch"/>
      <property name="ki_description" value="Unpolarized capacitor"/>
      <property name="ki_keywords" value="cap capacitor"/>
      <sheetpath names="/" tstamps="/"/>
      <tstamps>a001ec3e-6c6b-4052-a9e6-93104410ea85</tstamps>
    </comp>
    <comp ref="C7">
      <value>100n</value>
      <footprint>Capacitor_SMD:C_1206_3216Metric</footprint>
      <fields>
        <field name="Mouser Part Number">C1206X104J9RAL7210</field>
      </fields>
      <libsource lib="Device" part="C" description="Unpolarized capacitor"/>
      <property name="Mouser Part Number" value="C1206X104J9RAL7210"/>
      <property name="Sheetname" value=""/>
      <property name="Sheetfile" value="SalveNode.kicad_sch"/>
      <property name="ki_description" value="Unpolarized capacitor"/>
      <property name="ki_keywords" value="cap capacitor"/>
      <sheetpath names="/" tstamps="/"/>
      <tstamps>1818543c-09cd-49d9-b0d7-21c035056094</tstamps>
    </comp>
    <comp ref="C8">
      <value>100n</value>
      <footprint>Capacitor_SMD:C_1206_3216Metric</footprint>
      <fields>
        <field name="Mouser Part Number">C1206X104J9RAL7210</field>
      </fields>
      <libsource lib="Device" part="C" description="Unpolarized capacitor"/>
      <property name="Mouser Part Number" value="C1206X104J9RAL7210"/>
      <property name="Sheetname" value=""/>
      <property name="Sheetfile" value="SalveNode.kicad_sch"/>
      <property name="ki_description" value="Unpolarized capacitor"/>
      <property name="ki_keywords" value="cap capacitor"/>
      <sheetpath names="/" tstamps="/"/>
      <tstamps>bf4a8ea4-53d8-4a60-aa93-d6e9958c2dbc</tstamps>
    </comp>
    <comp ref="C9">
      <value>1u</value>
      <footprint>Capacitor_SMD:C_1206_3216Metric</footprint>
      <libsource lib="Device" part="C" description="Unpolarized capacitor"/>
      <property name="Mouser Part Number" value=""/>
      <property name="Sheetname" value=""/>
      <property name="Sheetfile" value="SalveNode.kicad_sch"/>
      <property name="ki_description" value="Unpolarized capacitor"/>
      <property name="ki_keywords" value="cap capacitor"/>
      <sheetpath names="/" tstamps="/"/>
      <tstamps>ae1c3dfa-83a6-4f57-8bda-1bb43fe8f25d</tstamps>
    </comp>
    <comp ref="IC1">
      <value>DS89C21TMX_NOPB</value>
      <footprint>SamacSys_Parts:SOIC127P600X175-8N</footprint>
      <datasheet>http://www.ti.com/lit/gpn/ds89c21</datasheet>
      <fields>
        <field name="Height">1.75</field>
        <field name="Manufacturer_Name">Texas Instruments</field>
        <field name="Manufacturer_Part_Number">DS89C21TMX/NOPB</field>
        <field name="Mouser Part Number">926-DS89C21TMX/NOPB</field>
        <field name="Mouser Price/Stock">https://www.mouser.co.uk/ProductDetail/Texas-Instruments/DS89C21TMX-NOPB/?qs=7X5t%252BdzoRHAsm2O2RRBwEg%3D%3D</field>
      </fields>
      <libsource lib="SamacSys_Parts" part="DS89C21TMX_NOPB" description="Differential CMOS Line Driver and Receiver Pair"/>
      <property name="Height" value="1.75"/>
      <property name="Mouser Part Number" value="926-DS89C21TMX/NOPB"/>
      <property name="Mouser Price/Stock" value="https://www.mouser.co.uk/ProductDetail/Texas-Instruments/DS89C21TMX-NOPB/?qs=7X5t%252BdzoRHAsm2O2RRBwEg%3D%3D"/>
      <property name="Manufacturer_Name" value="Texas Instruments"/>
      <property name="Manufacturer_Part_Number" value="DS89C21TMX/NOPB"/>
      <property name="Sheetname" value=""/>
      <property name="Sheetfile" value="SalveNode.kicad_sch"/>
      <property name="ki_description" value="Differential CMOS Line Driver and Receiver Pair"/>
      <sheetpath names="/" tstamps="/"/>
      <tstamps>eb620ddb-4849-4247-924e-74b0b321c340</tstamps>
    </comp>
    <comp ref="IC2">
      <value>TMP75AQDGKRQ1</value>
      <footprint>SamacSys_Parts:SOP65P490X110-8N</footprint>
      <datasheet>http://www.ti.com/lit/ds/symlink/tmp75-q1.pdf</datasheet>
      <fields>
        <field name="Height">1.1</field>
        <field name="Manufacturer_Name">Texas Instruments</field>
        <field name="Manufacturer_Part_Number">TMP75AQDGKRQ1</field>
        <field name="Mouser Part Number">595-TMP75AQDGKRQ1</field>
        <field name="Mouser Price/Stock">https://www.mouser.co.uk/ProductDetail/Texas-Instruments/TMP75AQDGKRQ1?qs=8%2FmU9qzJpL94ozirA29TNw%3D%3D</field>
      </fields>
      <libsource lib="SamacSys_Parts" part="TMP75AQDGKRQ1" description="Automotive Temp Sensor with I2C/SMBus Interface in Industry Standard LM75 Form Factor &amp; Pinout"/>
      <property name="Height" value="1.1"/>
      <property name="Mouser Part Number" value="595-TMP75AQDGKRQ1"/>
      <property name="Mouser Price/Stock" value="https://www.mouser.co.uk/ProductDetail/Texas-Instruments/TMP75AQDGKRQ1?qs=8%2FmU9qzJpL94ozirA29TNw%3D%3D"/>
      <property name="Manufacturer_Name" value="Texas Instruments"/>
      <property name="Manufacturer_Part_Number" value="TMP75AQDGKRQ1"/>
      <property name="Sheetname" value=""/>
      <property name="Sheetfile" value="SalveNode.kicad_sch"/>
      <property name="ki_description" value="Automotive Temp Sensor with I2C/SMBus Interface in Industry Standard LM75 Form Factor &amp; Pinout"/>
      <sheetpath names="/" tstamps="/"/>
      <tstamps>591914b0-7d19-4e4c-9258-4e284220c670</tstamps>
    </comp>
    <comp ref="IC3">
      <value>VEML7700-TR</value>
      <footprint>SamacSys_Parts:VEML7700</footprint>
      <datasheet>http://www.vishay.com/docs/84286/veml7700.pdf</datasheet>
      <fields>
        <field name="Manufacturer_Name">Vishay</field>
        <field name="Manufacturer_Part_Number">VEML7700-TR</field>
        <field name="Mouser Part Number">78-VEML7700-TR</field>
        <field name="Mouser Price/Stock">https://www.mouser.co.uk/ProductDetail/Vishay-Semiconductors/VEML7700-TR?qs=BcfjnG7NVaWcZHs8m27pyQ%3D%3D</field>
      </fields>
      <libsource lib="SamacSys_Parts" part="VEML7700-TR" description="High Accuracy Ambient Light Sensor with I2C Interface"/>
      <property name="Height" value=""/>
      <property name="Mouser Part Number" value="78-VEML7700-TR"/>
      <property name="Mouser Price/Stock" value="https://www.mouser.co.uk/ProductDetail/Vishay-Semiconductors/VEML7700-TR?qs=BcfjnG7NVaWcZHs8m27pyQ%3D%3D"/>
      <property name="Manufacturer_Name" value="Vishay"/>
      <property name="Manufacturer_Part_Number" value="VEML7700-TR"/>
      <property name="Sheetname" value=""/>
      <property name="Sheetfile" value="SalveNode.kicad_sch"/>
      <property name="ki_description" value="High Accuracy Ambient Light Sensor with I2C Interface"/>
      <sheetpath names="/" tstamps="/"/>
      <tstamps>ad31f174-c2c9-4041-a51d-c07e3f1e92cb</tstamps>
    </comp>
    <comp ref="J1">
      <value>AVR-ISP-6</value>
      <footprint>Connector_PinHeader_1.00mm:PinHeader_2x03_P1.00mm_Vertical</footprint>
      <datasheet> ~</datasheet>
      <libsource lib="Connector" part="AVR-ISP-6" description="Atmel 6-pin ISP connector"/>
      <property name="Sheetname" value=""/>
      <property name="Sheetfile" value="SalveNode.kicad_sch"/>
      <property name="ki_description" value="Atmel 6-pin ISP connector"/>
      <property name="ki_keywords" value="AVR ISP Connector"/>
      <sheetpath names="/" tstamps="/"/>
      <tstamps>04d69380-7d9d-4f4d-9cdc-350296507872</tstamps>
    </comp>
    <comp ref="J2">
      <value>691382040006</value>
      <footprint>SimbolosSnapEDA:691382040006</footprint>
      <fields>
        <field name="Check_prices">https://www.snapeda.com/parts/691382040006/Wurth+Elektronik/view-part/?ref=eda</field>
        <field name="DATASHEET-URL">https://www.we-online.com/redexpert/spec/691382040006?ae</field>
        <field name="Description">
6 Position Terminal Block Header, Male Pins, Shrouded (4 Side) 0.098 (2.50mm) 90°, Right Angle Through Hole
</field>
        <field name="DigiKey_Part_Number">732-6047-ND</field>
        <field name="IR-UL">12A</field>
        <field name="MF">Wurth Elektronik</field>
        <field name="MOUNT">THT</field>
        <field name="MP">691382040006</field>
        <field name="Mouser Part Number">691382040006</field>
        <field name="PART-NUMBER">691382040006</field>
        <field name="PINS">6</field>
        <field name="PITCH">2.5mm</field>
        <field name="Package">None</field>
        <field name="SnapEDA_Link">https://www.snapeda.com/parts/691382040006/Wurth+Elektronik/view-part/?ref=snap</field>
        <field name="TYPE">Horizontal</field>
        <field name="VALUE">691382040006</field>
        <field name="WORKING-VOLTAGE-UL">300V (AC)</field>
      </fields>
      <libsource lib="691382040006" part="691382040006" description=""/>
      <property name="DigiKey_Part_Number" value="732-6047-ND"/>
      <property name="SnapEDA_Link" value="https://www.snapeda.com/parts/691382040006/Wurth+Elektronik/view-part/?ref=snap"/>
      <property name="Description" value="&#xA;6 Position Terminal Block Header, Male Pins, Shrouded (4 Side) 0.098 (2.50mm) 90°, Right Angle Through Hole&#xA;"/>
      <property name="Package" value="None"/>
      <property name="MOUNT" value="THT"/>
      <property name="IR-UL" value="12A"/>
      <property name="VALUE" value="691382040006"/>
      <property name="WORKING-VOLTAGE-UL" value="300V (AC)"/>
      <property name="PINS" value="6"/>
      <property name="MF" value="Wurth Elektronik"/>
      <property name="DATASHEET-URL" value="https://www.we-online.com/redexpert/spec/691382040006?ae"/>
      <property name="MP" value="691382040006"/>
      <property name="PITCH" value="2.5mm"/>
      <property name="PART-NUMBER" value="691382040006"/>
      <property name="TYPE" value="Horizontal"/>
      <property name="Check_prices" value="https://www.snapeda.com/parts/691382040006/Wurth+Elektronik/view-part/?ref=eda"/>
      <property name="Mouser Part Number" value="691382040006"/>
      <property name="Sheetname" value=""/>
      <property name="Sheetfile" value="SalveNode.kicad_sch"/>
      <sheetpath names="/" tstamps="/"/>
      <tstamps>7a5f30be-c482-4d8f-99ab-f02b328375d2</tstamps>
    </comp>
    <comp ref="R1">
      <value>5k</value>
      <footprint>Resistor_SMD:R_1206_3216Metric</footprint>
      <fields>
        <field name="Mouser Part Number">660-RN73R2BTTD5001B2</field>
      </fields>
      <libsource lib="Device" part="R" description="Resistor"/>
      <property name="Mouser Part Number" value="660-RN73R2BTTD5001B2"/>
      <property name="Sheetname" value=""/>
      <property name="Sheetfile" value="SalveNode.kicad_sch"/>
      <property name="ki_description" value="Resistor"/>
      <property name="ki_keywords" value="R res resistor"/>
      <sheetpath names="/" tstamps="/"/>
      <tstamps>eedeb3b6-2262-438f-9def-7218c242c187</tstamps>
    </comp>
    <comp ref="R4">
      <value>10k</value>
      <footprint>Resistor_SMD:R_1206_3216Metric</footprint>
      <fields>
        <field name="Mouser Part Number">603-RT1206FRE1310KL</field>
      </fields>
      <libsource lib="Device" part="R" description="Resistor"/>
      <property name="Mouser Part Number" value="603-RT1206FRE1310KL"/>
      <property name="Sheetname" value=""/>
      <property name="Sheetfile" value="SalveNode.kicad_sch"/>
      <property name="ki_description" value="Resistor"/>
      <property name="ki_keywords" value="R res resistor"/>
      <sheetpath names="/" tstamps="/"/>
      <tstamps>487235c6-038a-4b1e-ac40-bc70e240c123</tstamps>
    </comp>
    <comp ref="R5">
      <value>PAD</value>
      <footprint>Resistor_SMD:R_1206_3216Metric</footprint>
      <libsource lib="Device" part="R" description="Resistor"/>
      <property name="Mouser Part Number" value=""/>
      <property name="Sheetname" value=""/>
      <property name="Sheetfile" value="SalveNode.kicad_sch"/>
      <property name="ki_description" value="Resistor"/>
      <property name="ki_keywords" value="R res resistor"/>
      <sheetpath names="/" tstamps="/"/>
      <tstamps>9be1f88e-4787-4731-8c42-fd02d900b55b</tstamps>
    </comp>
    <comp ref="R6">
      <value>4.7k</value>
      <footprint>Resistor_SMD:R_1206_3216Metric</footprint>
      <fields>
        <field name="Mouser Part Number">603-RT1206FRE074K7L</field>
      </fields>
      <libsource lib="Device" part="R" description="Resistor"/>
      <property name="Mouser Part Number" value="603-RT1206FRE074K7L"/>
      <property name="Sheetname" value=""/>
      <property name="Sheetfile" value="SalveNode.kicad_sch"/>
      <property name="ki_description" value="Resistor"/>
      <property name="ki_keywords" value="R res resistor"/>
      <sheetpath names="/" tstamps="/"/>
      <tstamps>7233f6ee-a6d6-47c7-b752-4b4530b92bbf</tstamps>
    </comp>
    <comp ref="R7">
      <value>4.7k</value>
      <footprint>Resistor_SMD:R_1206_3216Metric</footprint>
      <fields>
        <field name="Mouser Part Number">603-RT1206FRE074K7L</field>
      </fields>
      <libsource lib="Device" part="R" description="Resistor"/>
      <property name="Mouser Part Number" value="603-RT1206FRE074K7L"/>
      <property name="Sheetname" value=""/>
      <property name="Sheetfile" value="SalveNode.kicad_sch"/>
      <property name="ki_description" value="Resistor"/>
      <property name="ki_keywords" value="R res resistor"/>
      <sheetpath names="/" tstamps="/"/>
      <tstamps>7408585c-e78e-456d-915f-d7523ec4830c</tstamps>
    </comp>
    <comp ref="U1">
      <value>MCP1700x-330xxTT</value>
      <footprint>Package_TO_SOT_SMD:SOT-23</footprint>
      <datasheet>http://ww1.microchip.com/downloads/en/DeviceDoc/20001826D.pdf</datasheet>
      <fields>
        <field name="Mouser Part Number">579-MCP1700T3302E/TT</field>
      </fields>
      <libsource lib="Regulator_Linear" part="MCP1700x-330xxTT" description="250mA Low Quiscent Current LDO, 3.3V output, SOT-23"/>
      <property name="Mouser Part Number" value="579-MCP1700T3302E/TT"/>
      <property name="Sheetname" value=""/>
      <property name="Sheetfile" value="SalveNode.kicad_sch"/>
      <property name="ki_description" value="250mA Low Quiscent Current LDO, 3.3V output, SOT-23"/>
      <property name="ki_keywords" value="regulator linear ldo"/>
      <sheetpath names="/" tstamps="/"/>
      <tstamps>5165bea6-28e2-46ad-8324-a65654245a72</tstamps>
    </comp>
    <comp ref="U2">
      <value>ATmega328PB-A</value>
      <footprint>Package_QFP:TQFP-32_7x7mm_P0.8mm</footprint>
      <datasheet>http://ww1.microchip.com/downloads/en/DeviceDoc/40001906C.pdf</datasheet>
      <fields>
        <field name="Mouser Part Number">556-ATMEGA328PB-AN</field>
      </fields>
      <libsource lib="MCU_Microchip_ATmega" part="ATmega328PB-A" description="20MHz, 32kB Flash, 2kB SRAM, 1kB EEPROM, TQFP-32"/>
      <property name="Mouser Part Number" value="556-ATMEGA328PB-AN"/>
      <property name="Sheetname" value=""/>
      <property name="Sheetfile" value="SalveNode.kicad_sch"/>
      <property name="ki_description" value="20MHz, 32kB Flash, 2kB SRAM, 1kB EEPROM, TQFP-32"/>
      <property name="ki_keywords" value="AVR 8bit Microcontroller MegaAVR"/>
      <sheetpath names="/" tstamps="/"/>
      <tstamps>8de0c581-2326-4c81-b3e0-1666b9896048</tstamps>
    </comp>
    <comp ref="Y1">
      <value>16M</value>
      <footprint>SamacSys_Parts:ECS1601036CKMTR3</footprint>
      <datasheet>https://www.mouser.es/datasheet/2/281/p79e-806516.pdf</datasheet>
      <fields>
        <field name="Mouser Part Number">81-XRCGB16M000FXN14R</field>
      </fields>
      <libsource lib="Device" part="Crystal_GND24" description="Four pin crystal, GND on pins 2 and 4"/>
      <property name="Mouser Part Number" value="81-XRCGB16M000FXN14R"/>
      <property name="Sheetname" value=""/>
      <property name="Sheetfile" value="SalveNode.kicad_sch"/>
      <property name="ki_description" value="Four pin crystal, GND on pins 2 and 4"/>
      <property name="ki_keywords" value="quartz ceramic resonator oscillator"/>
      <sheetpath names="/" tstamps="/"/>
      <tstamps>57a753d8-1366-4e38-91f2-abd319f72f1b</tstamps>
    </comp>
  </components>
  <libparts>
    <libpart lib="691382040006" part="691382040006">
      <fields>
        <field name="Reference">J</field>
        <field name="Value">691382040006</field>
        <field name="Footprint">691382040006:691382040006</field>
        <field name="DigiKey_Part_Number">732-6047-ND</field>
        <field name="SnapEDA_Link">https://www.snapeda.com/parts/691382040006/Wurth+Elektronik/view-part/?ref=snap</field>
        <field name="Description">
6 Position Terminal Block Header, Male Pins, Shrouded (4 Side) 0.098 (2.50mm) 90°, Right Angle Through Hole
</field>
        <field name="Package">None</field>
        <field name="MOUNT">THT</field>
        <field name="IR-UL">12A</field>
        <field name="VALUE">691382040006</field>
        <field name="WORKING-VOLTAGE-UL">300V (AC)</field>
        <field name="PINS">6</field>
        <field name="MF">Wurth Elektronik</field>
        <field name="DATASHEET-URL">https://www.we-online.com/redexpert/spec/691382040006?ae</field>
        <field name="MP">691382040006</field>
        <field name="PITCH">2.5mm</field>
        <field name="PART-NUMBER">691382040006</field>
        <field name="TYPE">Horizontal</field>
        <field name="Check_prices">https://www.snapeda.com/parts/691382040006/Wurth+Elektronik/view-part/?ref=eda</field>
      </fields>
      <pins>
        <pin num="1" name="" type="passive"/>
        <pin num="2" name="" type="passive"/>
        <pin num="3" name="" type="passive"/>
        <pin num="4" name="" type="passive"/>
        <pin num="5" name="" type="passive"/>
        <pin num="6" name="" type="passive"/>
      </pins>
    </libpart>
    <libpart lib="Connector" part="AVR-ISP-6">
      <description>Atmel 6-pin ISP connector</description>
      <docs> ~</docs>
      <footprints>
        <fp>IDC?Header*2x03*</fp>
        <fp>Pin?Header*2x03*</fp>
      </footprints>
      <fields>
        <field name="Reference">J</field>
        <field name="Value">AVR-ISP-6</field>
        <field name="Datasheet"> ~</field>
      </fields>
      <pins>
        <pin num="1" name="MISO" type="passive"/>
        <pin num="2" name="VCC" type="passive"/>
        <pin num="3" name="SCK" type="passive"/>
        <pin num="4" name="MOSI" type="passive"/>
        <pin num="5" name="~{RST}" type="passive"/>
        <pin num="6" name="GND" type="passive"/>
      </pins>
    </libpart>
    <libpart lib="Device" part="C">
      <description>Unpolarized capacitor</description>
      <docs>~</docs>
      <footprints>
        <fp>C_*</fp>
      </footprints>
      <fields>
        <field name="Reference">C</field>
        <field name="Value">C</field>
        <field name="Datasheet">~</field>
      </fields>
      <pins>
        <pin num="1" name="" type="passive"/>
        <pin num="2" name="" type="passive"/>
      </pins>
    </libpart>
    <libpart lib="Device" part="Crystal_GND24">
      <description>Four pin crystal, GND on pins 2 and 4</description>
      <docs>~</docs>
      <footprints>
        <fp>Crystal*</fp>
      </footprints>
      <fields>
        <field name="Reference">Y</field>
        <field name="Value">Crystal_GND24</field>
        <field name="Datasheet">~</field>
      </fields>
      <pins>
        <pin num="1" name="1" type="passive"/>
        <pin num="2" name="2" type="passive"/>
        <pin num="3" name="3" type="passive"/>
        <pin num="4" name="4" type="passive"/>
      </pins>
    </libpart>
    <libpart lib="Device" part="R">
      <description>Resistor</description>
      <docs>~</docs>
      <footprints>
        <fp>R_*</fp>
      </footprints>
      <fields>
        <field name="Reference">R</field>
        <field name="Value">R</field>
        <field name="Datasheet">~</field>
      </fields>
      <pins>
        <pin num="1" name="" type="passive"/>
        <pin num="2" name="" type="passive"/>
      </pins>
    </libpart>
    <libpart lib="MCU_Microchip_ATmega" part="ATmega328PB-A">
      <description>20MHz, 32kB Flash, 2kB SRAM, 1kB EEPROM, TQFP-32</description>
      <docs>http://ww1.microchip.com/downloads/en/DeviceDoc/40001906C.pdf</docs>
      <footprints>
        <fp>TQFP*7x7mm*P0.8mm*</fp>
      </footprints>
      <fields>
        <field name="Reference">U</field>
        <field name="Value">ATmega328PB-A</field>
        <field name="Footprint">Package_QFP:TQFP-32_7x7mm_P0.8mm</field>
        <field name="Datasheet">http://ww1.microchip.com/downloads/en/DeviceDoc/40001906C.pdf</field>
      </fields>
      <pins>
        <pin num="1" name="PD3" type="bidirectional"/>
        <pin num="2" name="PD4" type="bidirectional"/>
        <pin num="3" name="PE0" type="bidirectional"/>
        <pin num="4" name="VCC" type="power_in"/>
        <pin num="5" name="GND" type="power_in"/>
        <pin num="6" name="PE1" type="bidirectional"/>
        <pin num="7" name="XTAL1/PB6" type="bidirectional"/>
        <pin num="8" name="XTAL2/PB7" type="bidirectional"/>
        <pin num="9" name="PD5" type="bidirectional"/>
        <pin num="10" name="PD6" type="bidirectional"/>
        <pin num="11" name="PD7" type="bidirectional"/>
        <pin num="12" name="PB0" type="bidirectional"/>
        <pin num="13" name="PB1" type="bidirectional"/>
        <pin num="14" name="PB2" type="bidirectional"/>
        <pin num="15" name="PB3" type="bidirectional"/>
        <pin num="16" name="PB4" type="bidirectional"/>
        <pin num="17" name="PB5" type="bidirectional"/>
        <pin num="18" name="AVCC" type="power_in"/>
        <pin num="19" name="PE2" type="bidirectional"/>
        <pin num="20" name="AREF" type="passive"/>
        <pin num="21" name="GND" type="passive"/>
        <pin num="22" name="PE3" type="bidirectional"/>
        <pin num="23" name="PC0" type="bidirectional"/>
        <pin num="24" name="PC1" type="bidirectional"/>
        <pin num="25" name="PC2" type="bidirectional"/>
        <pin num="26" name="PC3" type="bidirectional"/>
        <pin num="27" name="PC4" type="bidirectional"/>
        <pin num="28" name="PC5" type="bidirectional"/>
        <pin num="29" name="~{RESET}/PC6" type="bidirectional"/>
        <pin num="30" name="PD0" type="bidirectional"/>
        <pin num="31" name="PD1" type="bidirectional"/>
        <pin num="32" name="PD2" type="bidirectional"/>
      </pins>
    </libpart>
    <libpart lib="Regulator_Linear" part="MCP1700x-330xxTT">
      <description>250mA Low Quiscent Current LDO, 3.3V output, SOT-23</description>
      <docs>http://ww1.microchip.com/downloads/en/DeviceDoc/20001826D.pdf</docs>
      <footprints>
        <fp>SOT?23*</fp>
      </footprints>
      <fields>
        <field name="Reference">U</field>
        <field name="Value">MCP1700x-330xxTT</field>
        <field name="Footprint">Package_TO_SOT_SMD:SOT-23</field>
        <field name="Datasheet">http://ww1.microchip.com/downloads/en/DeviceDoc/20001826D.pdf</field>
      </fields>
      <pins>
        <pin num="1" name="GND" type="power_in"/>
        <pin num="2" name="VO" type="power_out"/>
        <pin num="3" name="VI" type="power_in"/>
      </pins>
    </libpart>
    <libpart lib="SamacSys_Parts" part="DS89C21TMX_NOPB">
      <description>Differential CMOS Line Driver and Receiver Pair</description>
      <docs>http://www.ti.com/lit/gpn/ds89c21</docs>
      <fields>
        <field name="Reference">IC</field>
        <field name="Value">DS89C21TMX_NOPB</field>
        <field name="Footprint">SOIC127P600X175-8N</field>
        <field name="Datasheet">http://www.ti.com/lit/gpn/ds89c21</field>
        <field name="Height">1.75</field>
        <field name="Mouser Part Number">926-DS89C21TMX/NOPB</field>
        <field name="Mouser Price/Stock">https://www.mouser.co.uk/ProductDetail/Texas-Instruments/DS89C21TMX-NOPB/?qs=7X5t%252BdzoRHAsm2O2RRBwEg%3D%3D</field>
        <field name="Manufacturer_Name">Texas Instruments</field>
        <field name="Manufacturer_Part_Number">DS89C21TMX/NOPB</field>
      </fields>
      <pins>
        <pin num="1" name="VCC" type="passive"/>
        <pin num="2" name="RO" type="passive"/>
        <pin num="3" name="DI" type="passive"/>
        <pin num="4" name="GND" type="passive"/>
        <pin num="5" name="DO_1" type="passive"/>
        <pin num="6" name="DO_2" type="passive"/>
        <pin num="7" name="RI_1" type="passive"/>
        <pin num="8" name="RI_2" type="passive"/>
      </pins>
    </libpart>
    <libpart lib="SamacSys_Parts" part="TMP75AQDGKRQ1">
      <description>Automotive Temp Sensor with I2C/SMBus Interface in Industry Standard LM75 Form Factor &amp; Pinout</description>
      <docs>http://www.ti.com/lit/ds/symlink/tmp75-q1.pdf</docs>
      <fields>
        <field name="Reference">IC</field>
        <field name="Value">TMP75AQDGKRQ1</field>
        <field name="Footprint">SOP65P490X110-8N</field>
        <field name="Datasheet">http://www.ti.com/lit/ds/symlink/tmp75-q1.pdf</field>
        <field name="Height">1.1</field>
        <field name="Mouser Part Number">595-TMP75AQDGKRQ1</field>
        <field name="Mouser Price/Stock">https://www.mouser.co.uk/ProductDetail/Texas-Instruments/TMP75AQDGKRQ1?qs=8%2FmU9qzJpL94ozirA29TNw%3D%3D</field>
        <field name="Manufacturer_Name">Texas Instruments</field>
        <field name="Manufacturer_Part_Number">TMP75AQDGKRQ1</field>
      </fields>
      <pins>
        <pin num="1" name="SDA" type="passive"/>
        <pin num="2" name="SCL" type="passive"/>
        <pin num="3" name="ALERT" type="passive"/>
        <pin num="4" name="GND" type="passive"/>
        <pin num="5" name="A2" type="passive"/>
        <pin num="6" name="A1" type="passive"/>
        <pin num="7" name="A0" type="passive"/>
        <pin num="8" name="V+" type="passive"/>
      </pins>
    </libpart>
    <libpart lib="SamacSys_Parts" part="VEML7700-TR">
      <description>High Accuracy Ambient Light Sensor with I2C Interface</description>
      <docs>http://www.vishay.com/docs/84286/veml7700.pdf</docs>
      <fields>
        <field name="Reference">IC</field>
        <field name="Value">VEML7700-TR</field>
        <field name="Footprint">VEML7700</field>
        <field name="Datasheet">http://www.vishay.com/docs/84286/veml7700.pdf</field>
        <field name="Mouser Part Number">78-VEML7700-TR</field>
        <field name="Mouser Price/Stock">https://www.mouser.co.uk/ProductDetail/Vishay-Semiconductors/VEML7700-TR?qs=BcfjnG7NVaWcZHs8m27pyQ%3D%3D</field>
        <field name="Manufacturer_Name">Vishay</field>
        <field name="Manufacturer_Part_Number">VEML7700-TR</field>
      </fields>
      <pins>
        <pin num="1" name="SCL" type="passive"/>
        <pin num="2" name="VDD" type="power_in"/>
        <pin num="3" name="GND" type="power_in"/>
        <pin num="4" name="SDA" type="passive"/>
      </pins>
    </libpart>
  </libparts>
  <libraries>
    <library logical="691382040006">
      <uri>C:/Users/Alvaro/Desktop/Irrigation-System-v2/KiCad/symbols/Imports/SimbolosSnapEDA/691382040006.kicad_sym</uri>
    </library>
    <library logical="Connector">
      <uri>C:\Program Files\KiCad\7.0\share\kicad\symbols\/Connector.kicad_sym</uri>
    </library>
    <library logical="Device">
      <uri>C:\Program Files\KiCad\7.0\share\kicad\symbols\/Device.kicad_sym</uri>
    </library>
    <library logical="MCU_Microchip_ATmega">
      <uri>C:\Program Files\KiCad\7.0\share\kicad\symbols\/MCU_Microchip_ATmega.kicad_sym</uri>
    </library>
    <library logical="Regulator_Linear">
      <uri>C:\Program Files\KiCad\7.0\share\kicad\symbols\/Regulator_Linear.kicad_sym</uri>
    </library>
    <library logical="SamacSys_Parts">
      <uri>C:/Users/Alvaro/Desktop/Irrigation-System-v2/KiCad/symbols/Imports/SamacSys_Parts.kicad_sym</uri>
    </library>
  </libraries>
  <nets>
    <net code="1" name="+3.3V">
      <node ref="C9" pin="2" pintype="passive"/>
      <node ref="IC3" pin="2" pinfunction="VDD" pintype="power_in"/>
      <node ref="U1" pin="2" pinfunction="VO" pintype="power_out"/>
    </net>
    <net code="2" name="+5V">
      <node ref="C1" pin="2" pintype="passive"/>
      <node ref="C4" pin="2" pintype="passive"/>
      <node ref="C5" pin="2" pintype="passive"/>
      <node ref="C6" pin="2" pintype="passive"/>
      <node ref="C7" pin="2" pintype="passive"/>
      <node ref="C8" pin="2" pintype="passive"/>
      <node ref="IC1" pin="1" pinfunction="VCC" pintype="passive"/>
      <node ref="IC2" pin="5" pinfunction="A2" pintype="passive"/>
      <node ref="IC2" pin="6" pinfunction="A1" pintype="passive"/>
      <node ref="IC2" pin="7" pinfunction="A0" pintype="passive"/>
      <node ref="IC2" pin="8" pinfunction="V+" pintype="passive"/>
      <node ref="J1" pin="2" pinfunction="VCC" pintype="passive"/>
      <node ref="J2" pin="1" pintype="passive"/>
      <node ref="R1" pin="2" pintype="passive"/>
      <node ref="R4" pin="2" pintype="passive"/>
      <node ref="R6" pin="1" pintype="passive"/>
      <node ref="R7" pin="2" pintype="passive"/>
      <node ref="U1" pin="3" pinfunction="VI" pintype="power_in"/>
      <node ref="U2" pin="18" pinfunction="AVCC" pintype="power_in"/>
      <node ref="U2" pin="4" pinfunction="VCC" pintype="power_in"/>
    </net>
    <net code="3" name="/D0+">
      <node ref="IC1" pin="6" pinfunction="DO_2" pintype="passive"/>
      <node ref="J2" pin="3" pintype="passive"/>
    </net>
    <net code="4" name="/D0-">
      <node ref="IC1" pin="5" pinfunction="DO_1" pintype="passive"/>
      <node ref="J2" pin="2" pintype="passive"/>
    </net>
    <net code="5" name="/MISO">
      <node ref="J1" pin="1" pinfunction="MISO" pintype="passive"/>
      <node ref="U2" pin="16" pinfunction="PB4" pintype="bidirectional"/>
    </net>
    <net code="6" name="/MOSI">
      <node ref="J1" pin="4" pinfunction="MOSI" pintype="passive"/>
      <node ref="U2" pin="15" pinfunction="PB3" pintype="bidirectional"/>
    </net>
    <net code="7" name="/RESET">
      <node ref="J1" pin="5" pinfunction="~{RST}" pintype="passive"/>
      <node ref="R4" pin="1" pintype="passive"/>
      <node ref="U2" pin="29" pinfunction="~{RESET}/PC6" pintype="bidirectional"/>
    </net>
    <net code="8" name="/RI+">
      <node ref="IC1" pin="8" pinfunction="RI_2" pintype="passive"/>
      <node ref="J2" pin="5" pintype="passive"/>
      <node ref="R5" pin="1" pintype="passive"/>
    </net>
    <net code="9" name="/RI-">
      <node ref="IC1" pin="7" pinfunction="RI_1" pintype="passive"/>
      <node ref="J2" pin="4" pintype="passive"/>
      <node ref="R5" pin="2" pintype="passive"/>
    </net>
    <net code="10" name="/RX">
      <node ref="IC1" pin="2" pinfunction="RO" pintype="passive"/>
      <node ref="U2" pin="30" pinfunction="PD0" pintype="bidirectional"/>
    </net>
    <net code="11" name="/SCK">
      <node ref="J1" pin="3" pinfunction="SCK" pintype="passive"/>
      <node ref="U2" pin="17" pinfunction="PB5" pintype="bidirectional"/>
    </net>
    <net code="12" name="/SCL">
      <node ref="IC2" pin="2" pinfunction="SCL" pintype="passive"/>
      <node ref="IC3" pin="1" pinfunction="SCL" pintype="passive"/>
      <node ref="R7" pin="1" pintype="passive"/>
      <node ref="U2" pin="28" pinfunction="PC5" pintype="bidirectional"/>
    </net>
    <net code="13" name="/SDA">
      <node ref="IC2" pin="1" pinfunction="SDA" pintype="passive"/>
      <node ref="IC3" pin="4" pinfunction="SDA" pintype="passive"/>
      <node ref="R6" pin="2" pintype="passive"/>
      <node ref="U2" pin="27" pinfunction="PC4" pintype="bidirectional"/>
    </net>
    <net code="14" name="/TX">
      <node ref="IC1" pin="3" pinfunction="DI" pintype="passive"/>
      <node ref="U2" pin="31" pinfunction="PD1" pintype="bidirectional"/>
    </net>
    <net code="15" name="/XTAL1">
      <node ref="C3" pin="2" pintype="passive"/>
      <node ref="U2" pin="7" pinfunction="XTAL1/PB6" pintype="bidirectional"/>
      <node ref="Y1" pin="3" pinfunction="3" pintype="passive"/>
    </net>
    <net code="16" name="/XTAL2">
      <node ref="C2" pin="2" pintype="passive"/>
      <node ref="U2" pin="8" pinfunction="XTAL2/PB7" pintype="bidirectional"/>
      <node ref="Y1" pin="1" pinfunction="1" pintype="passive"/>
    </net>
    <net code="17" name="Earth">
      <node ref="C1" pin="1" pintype="passive"/>
      <node ref="C2" pin="1" pintype="passive"/>
      <node ref="C3" pin="1" pintype="passive"/>
      <node ref="C4" pin="1" pintype="passive"/>
      <node ref="C5" pin="1" pintype="passive"/>
      <node ref="C6" pin="1" pintype="passive"/>
      <node ref="C7" pin="1" pintype="passive"/>
      <node ref="C8" pin="1" pintype="passive"/>
      <node ref="C9" pin="1" pintype="passive"/>
      <node ref="IC1" pin="4" pinfunction="GND" pintype="passive"/>
      <node ref="IC2" pin="4" pinfunction="GND" pintype="passive"/>
      <node ref="IC3" pin="3" pinfunction="GND" pintype="power_in"/>
      <node ref="J1" pin="6" pinfunction="GND" pintype="passive"/>
      <node ref="J2" pin="6" pintype="passive"/>
      <node ref="U1" pin="1" pinfunction="GND" pintype="power_in"/>
      <node ref="U2" pin="20" pinfunction="AREF" pintype="passive"/>
      <node ref="U2" pin="21" pinfunction="GND" pintype="passive"/>
      <node ref="U2" pin="5" pinfunction="GND" pintype="power_in"/>
      <node ref="Y1" pin="2" pinfunction="2" pintype="passive"/>
      <node ref="Y1" pin="4" pinfunction="4" pintype="passive"/>
    </net>
    <net code="18" name="unconnected-(IC2-ALERT-Pad3)">
      <node ref="IC2" pin="3" pinfunction="ALERT" pintype="passive"/>
      <node ref="R1" pin="1" pintype="passive"/>
    </net>
    <net code="19" name="unconnected-(U2-PB0-Pad12)">
      <node ref="U2" pin="12" pinfunction="PB0" pintype="bidirectional+no_connect"/>
    </net>
    <net code="20" name="unconnected-(U2-PB1-Pad13)">
      <node ref="U2" pin="13" pinfunction="PB1" pintype="bidirectional+no_connect"/>
    </net>
    <net code="21" name="unconnected-(U2-PB2-Pad14)">
      <node ref="U2" pin="14" pinfunction="PB2" pintype="bidirectional+no_connect"/>
    </net>
    <net code="22" name="unconnected-(U2-PC0-Pad23)">
      <node ref="U2" pin="23" pinfunction="PC0" pintype="bidirectional+no_connect"/>
    </net>
    <net code="23" name="unconnected-(U2-PC1-Pad24)">
      <node ref="U2" pin="24" pinfunction="PC1" pintype="bidirectional+no_connect"/>
    </net>
    <net code="24" name="unconnected-(U2-PC2-Pad25)">
      <node ref="U2" pin="25" pinfunction="PC2" pintype="bidirectional+no_connect"/>
    </net>
    <net code="25" name="unconnected-(U2-PC3-Pad26)">
      <node ref="U2" pin="26" pinfunction="PC3" pintype="bidirectional+no_connect"/>
    </net>
    <net code="26" name="unconnected-(U2-PD2-Pad32)">
      <node ref="U2" pin="32" pinfunction="PD2" pintype="bidirectional+no_connect"/>
    </net>
    <net code="27" name="unconnected-(U2-PD3-Pad1)">
      <node ref="U2" pin="1" pinfunction="PD3" pintype="bidirectional+no_connect"/>
    </net>
    <net code="28" name="unconnected-(U2-PD4-Pad2)">
      <node ref="U2" pin="2" pinfunction="PD4" pintype="bidirectional+no_connect"/>
    </net>
    <net code="29" name="unconnected-(U2-PD5-Pad9)">
      <node ref="U2" pin="9" pinfunction="PD5" pintype="bidirectional+no_connect"/>
    </net>
    <net code="30" name="unconnected-(U2-PD6-Pad10)">
      <node ref="U2" pin="10" pinfunction="PD6" pintype="bidirectional+no_connect"/>
    </net>
    <net code="31" name="unconnected-(U2-PD7-Pad11)">
      <node ref="U2" pin="11" pinfunction="PD7" pintype="bidirectional+no_connect"/>
    </net>
    <net code="32" name="unconnected-(U2-PE0-Pad3)">
      <node ref="U2" pin="3" pinfunction="PE0" pintype="bidirectional+no_connect"/>
    </net>
    <net code="33" name="unconnected-(U2-PE1-Pad6)">
      <node ref="U2" pin="6" pinfunction="PE1" pintype="bidirectional+no_connect"/>
    </net>
    <net code="34" name="unconnected-(U2-PE2-Pad19)">
      <node ref="U2" pin="19" pinfunction="PE2" pintype="bidirectional+no_connect"/>
    </net>
    <net code="35" name="unconnected-(U2-PE3-Pad22)">
      <node ref="U2" pin="22" pinfunction="PE3" pintype="bidirectional+no_connect"/>
    </net>
  </nets>
</export>
